GROUP	GRDESC	STYLE	DESC
1	BASIC BATH STRIPS             	AD	BATH STRIPS,1-4 LIGHTS        
1	BASIC BATH STRIPS             	AE	BATH STRIPS,5-6 LIGHTS        
1	BASIC BATH STRIPS             	AH	BATH STRIPS,7 + LIGHTS        
2	BATH BRACKETS                 	AO	BATH,TRADITIONAL 1 LIGHT      
2	BATH BRACKETS                 	AP	BATH,TRADITIONAL 2 LIGHTS     
2	BATH BRACKETS                 	AQ	BATH,TRADITIONAL 3 LIGHTS     
2	BATH BRACKETS                 	AR	BATH,TRADITIONAL 4 LIGHTS     
2	BATH BRACKETS                 	AS	BATH,TRADITIONAL 5 + LIGHTS   
2	BATH BRACKETS                 	BA	BATH,BENT GLASS               
2	BATH BRACKETS                 	BD	BATH,CONTEMPORARY/DECO        
2	BATH BRACKETS                 	BE	BATH,COUNTRY/TXT FINISH       
2	BATH BRACKETS                 	BF	BATH,CAPIZ SHELL/STAINED GLS  
2	BATH BRACKETS                 	BG	BATH,FLUORESCENT              
2	BATH BRACKETS                 	BH	BATH,ALABASTER/STONE/FAUX     
2	BATH BRACKETS                 	BI	BATH,MIRRORED                 
2	BATH BRACKETS                 	BJ	BATH,PORCELAIN/CERAMIC        
2	BATH BRACKETS                 	BK	BATH,VICTORIAN/GASLIGHT       
2	BATH BRACKETS                 	BL	BATH,MISSION/NOUVEAU/PRIMITIVE
2	BATH BRACKETS                 	BM	BATH,NEO-CLASSIC/ANTQ REPROD  
2	BATH BRACKETS                 	BO	BATH,WOOD/WOOD COMBINATION    
2	BATH BRACKETS                 	BP	BATH,LEADED GLASS/CRYSTAL     
4	CEILING MEDALLIONS            	CM	MEDALLION 24IN DIAM OR LESS   
4	CEILING MEDALLIONS            	CN	MEDALLION 25IN DIAM OR MORE   
4	CEILING MEDALLIONS            	CO	NICHE/DOMES/STAIR BRKTS       
7	EXTERIOR FLUSH MOUNTS         	DF	EXT FLUSH MT,OTHER FINISHES   
7	EXTERIOR FLUSH MOUNTS         	DG	EXT FLUSH MT,BLACK FINISH     
8	EXTERIOR HANGING              	DL	EXT HANGING,ANTIQUE BRASS     
8	EXTERIOR HANGING              	DM	EXT HANGING,BLACK             
8	EXTERIOR HANGING              	DN	EXT HANGING,POLISHED BRASS    
8	EXTERIOR HANGING              	DO	EXT HANGING,OTHER FINISHES    
9	LANDSCAPE LIGHTING            	DC	LANDSCAPE,STEMS & STAKES      
9	LANDSCAPE LIGHTING            	DD	LANDSCAPE,EAVE LIGHTS         
9	LANDSCAPE LIGHTING            	DK	LANDSCAPE,PATH/SPREAD LIGHTS  
9	LANDSCAPE LIGHTING            	DQ	LANDSCAPE,ACCENT LIGHTS       
9	LANDSCAPE LIGHTING            	DR	LANDSCAPE,POST TOPS           
9	LANDSCAPE LIGHTING            	DS	LANDSCAPE,POLES/BASES/PIER MTS
9	LANDSCAPE LIGHTING            	DT	LANDSCAPE ACCESSORIES         
9	LANDSCAPE LIGHTING            	DU	LANDSCAPE WELL AND STEP LIGHTS
10	EXTERIOR WALL MOUNT           	DV	EXT WALL MT,OTHER FINISHES    
10	EXTERIOR WALL MOUNT           	DW	EXTERIOR WALL MT,BLACK        
10	EXTERIOR WALL MOUNT           	DX	EXT WALL MT,POLISHED BRASS    
10	EXTERIOR WALL MOUNT           	DY	EXT WALL MT,BRONZE/RUST       
10	EXTERIOR WALL MOUNT           	DZ	GAS OUTDOOR LIGHTING          
11	CEILING FANS                  	EA	CEILING FAN,ACCESSORIES/MISC  
11	CEILING FANS                  	EB	CEILING FAN,DOWN RODS         
11	CEILING FANS                  	EC	CEILING FAN,32IN/42IN MOTOR   
11	CEILING FANS                  	ED	CEILING FAN,32IN/42IN BLADES  
11	CEILING FANS                  	EF	"52""FAN-DECORATIVE             "
11	CEILING FANS                  	EG	CEILING FAN,52IN + BLADES     
11	CEILING FANS                  	EH	CEILING FAN,LIGHT KITS/FITTERS
11	CEILING FANS                  	E1	"52""FAN-BUDGET WITH LIGHT KIT  "
11	CEILING FANS                  	E2	"52""FAN-BUDGET W/O LIGHT KIT   "
12	FLUORESCENTS                  	EJ	FLUOR,CIRCLINE                
12	FLUORESCENTS                  	EK	FLUOR,2X2 TRIMS               
12	FLUORESCENTS                  	EL	FLUOR,2X4 TRIMS               
12	FLUORESCENTS                  	EM	FLUOR,1X4 TRIMS               
12	FLUORESCENTS                  	EN	FLUOR,4X4 TRIMS               
12	FLUORESCENTS                  	EO	FLUOR,OTHER                   
12	FLUORESCENTS                  	EP	FLUOR,ACCESSORIES/PARTS/MISC  
12	FLUORESCENTS                  	EQ	FLUOR,STD LAYIN/WRAP/STRIP    
12	FLUORESCENTS                  	ER	FLUOR,2X2 CHASSIS             
12	FLUORESCENTS                  	ES	FLUOR,2X4 CHASSIS             
12	FLUORESCENTS                  	ET	FLUOR,1X4 CHASSIS             
12	FLUORESCENTS                  	EU	FLUOR,4X4 CHASSIS             
13	INTERIOR FLUSH MOUNTS         	FA	ANTIQUE/ANTIQUE REPRODUCTION  
13	INTERIOR FLUSH MOUNTS         	FB	INT FLUSH MT,ART NOUVEAU      
13	INTERIOR FLUSH MOUNTS         	FC	INT FLUSH MT,CONTEMPORARY     
13	INTERIOR FLUSH MOUNTS         	FD	INT FLUSH MT,TEXTURED FINISH  
13	INTERIOR FLUSH MOUNTS         	FE	INT FLUSH MT,CRYSTAL          
13	INTERIOR FLUSH MOUNTS         	FF	INT FLUSH MT,ALAB/STONE/FAUX  
13	INTERIOR FLUSH MOUNTS         	FH	INT FLUSH MT,UTILITY          
13	INTERIOR FLUSH MOUNTS         	FI	INT FLUSH,PORC/CERAMIC/FLORAL 
13	INTERIOR FLUSH MOUNTS         	FJ	INT FLUSH,STAINED GL/CAPIZ SHL
13	INTERIOR FLUSH MOUNTS         	FK	TRADTIONAL FLUSH MOUNT        
13	INTERIOR FLUSH MOUNTS         	FL	INT FLUSH,VICTORIAN/GASLIGHT  
13	INTERIOR FLUSH MOUNTS         	FM	INT FLUSH MT,WOOD/WICKER/CANE 
13	INTERIOR FLUSH MOUNTS         	FN	JUVENILE/NOVELTY              
13	INTERIOR FLUSH MOUNTS         	FO	INT FLUSH MT,BOUND GLASS      
13	INTERIOR FLUSH MOUNTS         	FP	INT FLUSH MT,CYLINDER/BULLET  
13	INTERIOR FLUSH MOUNTS         	FR	INT FLUSH MT,NEO-CLASSIC      
13	INTERIOR FLUSH MOUNTS         	FS	INT FLUSH MT,HIGH-TECH CONTEMP
13	INTERIOR FLUSH MOUNTS         	FT	INT FLUSH MT,LEADED GLASS     
13	INTERIOR FLUSH MOUNTS         	FU	INT FLUSH,CNTRY/PRIMIT/MISSION
13	INTERIOR FLUSH MOUNTS         	F1	TRADITONAL SEMI-FLUSH         
15	GLASS                         	GA	GLASS,2-1/4IN FITTER          
15	GLASS                         	GB	GLASS,3IN FITTER              
15	GLASS                         	GC	GLASS,4IN FITTER              
15	GLASS                         	GD	GLASS,OTHER FITTER SIZES      
16	INTERIOR HANGING              	HA	INT HANGING,ANTIQUE/ANTQ REPRO
16	INTERIOR HANGING              	HB	INT HANGING,ART DECO          
16	INTERIOR HANGING              	HC	JUVENILE/NOVELTY              
16	INTERIOR HANGING              	HD	PENDANTS, REGULAR SIZE        
16	INTERIOR HANGING              	HE	INT HANGING,LEADED GLASS      
16	INTERIOR HANGING              	HF	INT HANGING,GLS PANEL/ACRYLIC 
16	INTERIOR HANGING              	HG	INT HANGING,ART NOUVEAU       
16	INTERIOR HANGING              	HH	INT HANGING,CONTEMPORARY      
16	INTERIOR HANGING              	HL	MINI-PENDANT,CONTEMPORARY     
16	INTERIOR HANGING              	HM	"FOYER 0-20""HEIGHT             "
16	INTERIOR HANGING              	HN	"FOYER 21-35"" HEIGHT           "
16	INTERIOR HANGING              	HO	"FOYER 36""+ HEIGHT             "
16	INTERIOR HANGING              	HP	INT HANGING,WOOD/FAUX/CANE    
16	INTERIOR HANGING              	HQ	LED PENDANT                   
16	INTERIOR HANGING              	HR	INT HANGING,ALAB/STONE/FAUX   
16	INTERIOR HANGING              	HT	INT HANGING,CNTRY/IRON/MISSION
16	INTERIOR HANGING              	HU	INT HANGING,STAINED GL/CAPIZ  
16	INTERIOR HANGING              	HV	INT HANGING,WILLIAMSBURG      
16	INTERIOR HANGING              	HW	INT HANGING,VICTORIAN/GASLIGHT
16	INTERIOR HANGING              	HX	INT HANGING,PORCELAIN/FLORAL  
16	INTERIOR HANGING              	HY	MINI-PENDANT,TRADITIONAL      
16	INTERIOR HANGING              	HZ	INT HANGING,NEO-CLASSIC       
16	INTERIOR HANGING              	H1	"INT HANGING,1TIER 25""D+CRYSTAL"
16	INTERIOR HANGING              	H2	"INT HANGING,2TIER 25""D+CRYSTAL"
16	INTERIOR HANGING              	H3	TEXTURED FINISH-ONE TIER      
16	INTERIOR HANGING              	H4	TRADITIONAL,1-TIER            
16	INTERIOR HANGING              	H5	TRADITIONAL,2-TIER            
16	INTERIOR HANGING              	H6	TEXTURED FINISH-TWO TIER      
16	INTERIOR HANGING              	H7	ISLAND/GAME LT,TRADITIONAL    
16	INTERIOR HANGING              	H8	ISLAND/GAME LT,ALL OTHER      
16	INTERIOR HANGING              	H9	ISLAND/GAME LT,CONTEMPORARY   
16	INTERIOR HANGING              	NA	"CRYSTAL,STANDARD 0-24""DIAM    "
16	INTERIOR HANGING              	NB	"CRYSTAL,NON-STD 0-24""DIAM     "
16	INTERIOR HANGING              	NC	"CRYSTAL,STD 1TIER 25""+DIAM    "
16	INTERIOR HANGING              	ND	"CRYSTAL,STD 2TIER 25""+DIAM    "
16	INTERIOR HANGING              	NE	"CRYSTAL,NON-STD 1TIER 25""+DIAM"
16	INTERIOR HANGING              	NF	"CRYSTAL,NON-STD 2TIER 24""+DIAM"
21	INTERIOR RECESSED LIGHTING    	IL	RECESSED-ACCESS,TRANSFORMERS  
21	INTERIOR RECESSED LIGHTING    	IM	RECESSED-HOUSINGS             
21	INTERIOR RECESSED LIGHTING    	IN	RECESSED-TRIMS                
21	INTERIOR RECESSED LIGHTING    	IO	RECESSED-CALCULITE            
21	INTERIOR RECESSED LIGHTING    	IX	LED DOWNLIGHT                 
21	INTERIOR RECESSED LIGHTING    	IY	LED SURFACE MOUNT/RECESSED    
22	INTERIOR TRACK                	IP	TRACK-ACCESS,TRANSFORMERS     
22	INTERIOR TRACK                	IQ	TRACK-INCANDESCENT HEADS      
22	INTERIOR TRACK                	IR	ROPE,STRING,COVE LIGHTS       
22	INTERIOR TRACK                	IS	TRACK-LOW VOLTAGE HEADS       
22	INTERIOR TRACK                	IT	CABLE/RAIL SYSTEMS            
22	INTERIOR TRACK                	IU	TRACK-SPECIAL APPLICATIONS    
22	INTERIOR TRACK                	IV	TRACK-FRAMING PROJECTORS      
22	INTERIOR TRACK                	IW	TRACK-CONNECTORS AND TRACK    
22	INTERIOR TRACK                	IZ	LED TRACK HEAD                
24	INTERIOR WALL MOUNT           	JB	SCONCE-LEADED GLASS           
24	INTERIOR WALL MOUNT           	JD	LED SCONCE                    
24	INTERIOR WALL MOUNT           	JH	SCONCE-ANTIQUE/ANTQ REPROD    
24	INTERIOR WALL MOUNT           	JI	SCONCE-ART NOUVEAU            
24	INTERIOR WALL MOUNT           	JJ	SCONCE-DECO/CONTEMPORARY      
24	INTERIOR WALL MOUNT           	JK	SCONCE-TEXTURED FINISH        
24	INTERIOR WALL MOUNT           	JL	SCONCE-CRYSTAL                
24	INTERIOR WALL MOUNT           	JM	SCONCE-PORCELAIN/FLORAL       
24	INTERIOR WALL MOUNT           	JN	SCONCE-CYLINDER               
24	INTERIOR WALL MOUNT           	JP	SCONCE-COUNTRY/IRON/MISSION   
24	INTERIOR WALL MOUNT           	JQ	TRADITIONAL- 1 LIGHT          
24	INTERIOR WALL MOUNT           	JR	SCONCE-VICTORIAN/GASLIGHT     
24	INTERIOR WALL MOUNT           	JS	SCONCE-WICKER/WOOD/FAUX/CANE  
24	INTERIOR WALL MOUNT           	JT	SCONCE-STAINED GLS/CAPIZ SHELL
24	INTERIOR WALL MOUNT           	JU	SCONCE-WILLIAMSBURG           
24	INTERIOR WALL MOUNT           	JX	SCONCE-ALABASTER/STONE/FAUX   
24	INTERIOR WALL MOUNT           	JY	SCONCE-JUVENILE/NOVELTY       
24	INTERIOR WALL MOUNT           	JZ	SCONCE-NEO-CLASSIC            
24	INTERIOR WALL MOUNT           	J1	TRADITIONAL- 2+ LIGHTS        
25	FLOOR LAMPS                   	LA	FLOOR LAMP,TRADITIONAL        
25	FLOOR LAMPS                   	LB	FLOOR LAMP,CONTEMPORARY       
25	FLOOR LAMPS                   	LC	FLOOR LAMP,COUNTRY/MISSION    
25	FLOOR LAMPS                   	LD	FLOOR LAMP,CRYSTAL            
25	FLOOR LAMPS                   	LE	FLOOR LAMP,FUNCTIONAL         
25	FLOOR LAMPS                   	LF	FLOOR LAMP,HEAD/TENT/SHELL    
25	FLOOR LAMPS                   	LG	FLOOR LAMP,JUVENILLE/NOVELTY  
25	FLOOR LAMPS                   	LH	FLOOR LAMP,6-WAY              
25	FLOOR LAMPS                   	LI	FLOOR LAMP,STAINED GLASS      
25	FLOOR LAMPS                   	LJ	FLOOR LAMP,TEXTURED FINISH    
25	FLOOR LAMPS                   	LK	FLOOR LAMP,NEO-CLASSIC        
25	FLOOR LAMPS                   	LL	FLOOR LAMP,UP-LIGHT           
25	FLOOR LAMPS                   	LM	FLOOR LAMP,SWING-ARM          
25	FLOOR LAMPS                   	LN	FLOOR LAMP,TABLE              
25	FLOOR LAMPS                   	LO	FLOOR LAMP,HALOGEN TORCHIER   
25	FLOOR LAMPS                   	LP	FLOOR LAMP,INCAND TORCHIER    
25	FLOOR LAMPS                   	LQ	FLOOR LAMP,TRADITIONAL        
25	FLOOR LAMPS                   	LR	WALL-SWINGER                  
25	FLOOR LAMPS                   	LS	PIN-UP LAMP                   
25	FLOOR LAMPS                   	LT	FUNCTIONAL WALL LAMP          
25	FLOOR LAMPS                   	LU	FLOOR LAMP,WICKER/BAMBOO/CANE 
26	TABLE LAMPS                   	JC	PICTURE LIGHTS                
26	TABLE LAMPS                   	LV	TABLE LAMP,BRASS CONTEMPORARY 
26	TABLE LAMPS                   	LW	TABLE LAMP,BRASS MIX          
26	TABLE LAMPS                   	LX	TABLE LAMP,BRASS TRADITIONAL  
26	TABLE LAMPS                   	LY	TABLE LAMP,CASED GLASS        
26	TABLE LAMPS                   	LZ	TABLE LAMP,CERAMIC CONTEMP    
26	TABLE LAMPS                   	MA	TABLE LAMP,CERAMIC TRADITIONAL
26	TABLE LAMPS                   	MB	TABLE LAMP,CONTEMPORARY       
26	TABLE LAMPS                   	MC	TABLE LAMP,CNTRY/MISSION/IRON 
26	TABLE LAMPS                   	MD	TABLE LAMP,CRYSTAL            
26	TABLE LAMPS                   	ME	TABLE LAMP,FUNCTIONAL         
26	TABLE LAMPS                   	MF	TABLE LAMP,ART DECO           
26	TABLE LAMPS                   	MG	TABLE LAMP,GLASS              
26	TABLE LAMPS                   	MH	TABLE LAMP,HALOGEN            
26	TABLE LAMPS                   	MI	TABLE LAMP,JUVENILE           
26	TABLE LAMPS                   	MJ	TABLE LAMP,ACRYLIC/LUCITE     
26	TABLE LAMPS                   	MK	TABLE LAMP,MARBLE/FAUX/STONE  
26	TABLE LAMPS                   	ML	TABLE LAMP,MINI TRADITIONAL   
26	TABLE LAMPS                   	MM	TABLE LAMP,MINI CONTEMPORARY  
26	TABLE LAMPS                   	MN	TABLE LAMP,ORIENTAL           
26	TABLE LAMPS                   	MO	TABLE LAMP,CONTEMPORARY PIANO 
26	TABLE LAMPS                   	MP	TABLE LAMP,TRADITIONAL PIANO  
26	TABLE LAMPS                   	MQ	TABLE LAMP,TIFFANY/STAINED GLS
26	TABLE LAMPS                   	MR	TABLE LAMP,TRADITIONAL        
26	TABLE LAMPS                   	MS	TABLE LAMP,WICKER/WOOD/CANE   
26	TABLE LAMPS                   	MT	TABLE LAMP,CLIP-ON            
26	TABLE LAMPS                   	MU	TABLE LAMP,TEXTURED FINISH    
26	TABLE LAMPS                   	MV	TABLE LAMP,NEO-CLASSIC        
26	TABLE LAMPS                   	MW	TABLE LAMP,ART NOUVEAU        
27	DECORATIVE ACCESSORIES        	FQ	FURNITURE                     
27	DECORATIVE ACCESSORIES        	FV	ACCENT TABLES                 
27	DECORATIVE ACCESSORIES        	IJ	MIRRORS                       
27	DECORATIVE ACCESSORIES        	UA	GIFTWARE/ACCESSORIES          
27	DECORATIVE ACCESSORIES        	UB	SHADES/LAMP PARTS             
27	DECORATIVE ACCESSORIES        	UC	EASTER                        
27	DECORATIVE ACCESSORIES        	UD	CHRISTMAS                     
27	DECORATIVE ACCESSORIES        	UE	HALLOWEEN                     
27	DECORATIVE ACCESSORIES        	UF	THANKSGIVING                  
27	DECORATIVE ACCESSORIES        	UP	FRAMED ART                    
30	COMMERICAL LIGHTING           	DE	EXIT/EMER FIXTURES            
30	COMMERICAL LIGHTING           	D1	1 X 4 LED FLAT PANEL          
30	COMMERICAL LIGHTING           	D2	2 X 2 LED FLAT PANEL          
30	COMMERICAL LIGHTING           	D3	2 X 4 LED FLAT PANEL          
30	COMMERICAL LIGHTING           	D4	POLES                         
30	COMMERICAL LIGHTING           	D5	LED SITE LIGHTS               
30	COMMERICAL LIGHTING           	D6	LED INTERIOR PASSAGE LIGHTING 
30	COMMERICAL LIGHTING           	D7	EMERGENCY LIGHTS              
30	COMMERICAL LIGHTING           	D8	LED STRIP LIGHT               
30	COMMERICAL LIGHTING           	D9	LED WALL PACKS                
61	BATHROOM FIXTURES/FAUCETS     	IH	MEDICINE CABINETS             
61	BATHROOM FIXTURES/FAUCETS     	OA	PEDESTAL LAVATORY             
61	BATHROOM FIXTURES/FAUCETS     	OB	SINK BOWLS                    
61	BATHROOM FIXTURES/FAUCETS     	OK	TOILET                        
61	BATHROOM FIXTURES/FAUCETS     	OL	BIDET                         
61	BATHROOM FIXTURES/FAUCETS     	OM	NON-WHIRLPOOL TUB/MARBLE      
61	BATHROOM FIXTURES/FAUCETS     	PA	BODY SPRAY                    
61	BATHROOM FIXTURES/FAUCETS     	PB	TOILET SEAT/WASHLET           
61	BATHROOM FIXTURES/FAUCETS     	PC	SHOWER BASKET                 
61	BATHROOM FIXTURES/FAUCETS     	PD	TOWEL WARMER                  
61	BATHROOM FIXTURES/FAUCETS     	PE	DECORATIVE VANITIES           
61	BATHROOM FIXTURES/FAUCETS     	PY	MAKEUP MIRROR                 
61	BATHROOM FIXTURES/FAUCETS     	PZ	MARBLE WALL/PAN               
61	BATHROOM FIXTURES/FAUCETS     	QA	ONE-PIECE SHOWER STALL        
61	BATHROOM FIXTURES/FAUCETS     	QB	TUB/SHOWER COMBO UNIT         
61	BATHROOM FIXTURES/FAUCETS     	QC	TOWEL BAR & RING              
61	BATHROOM FIXTURES/FAUCETS     	QD	TOWEL SHELF                   
61	BATHROOM FIXTURES/FAUCETS     	QE	PAPER HOLDER                  
61	BATHROOM FIXTURES/FAUCETS     	QF	ROBE HOOKS                    
61	BATHROOM FIXTURES/FAUCETS     	QG	CENTERSET BATH FAUCET         
61	BATHROOM FIXTURES/FAUCETS     	QH	WIDESPREAD BATH FAUCET        
61	BATHROOM FIXTURES/FAUCETS     	QI	HAND SHOWER                   
61	BATHROOM FIXTURES/FAUCETS     	QJ	BIDET FITTING                 
61	BATHROOM FIXTURES/FAUCETS     	QK	ROMAN TUB FAUCET              
61	BATHROOM FIXTURES/FAUCETS     	QL	TUB/SHOWER FAUCET             
61	BATHROOM FIXTURES/FAUCETS     	QM	TUB FAUCET                    
61	BATHROOM FIXTURES/FAUCETS     	QN	SHOWER FAUCET                 
61	BATHROOM FIXTURES/FAUCETS     	QO	SHOWER HEAD                   
61	BATHROOM FIXTURES/FAUCETS     	QP	TUB/SHOWER DRAIN              
61	BATHROOM FIXTURES/FAUCETS     	QR	SINGLE WHOLE BATH FAUCET      
61	BATHROOM FIXTURES/FAUCETS     	QS	HAND SHOWER ACCESSORIES       
61	BATHROOM FIXTURES/FAUCETS     	QT	MISC BATHROOM FAUCET PARTS    
61	BATHROOM FIXTURES/FAUCETS     	QU	SOAP DISHES                   
61	BATHROOM FIXTURES/FAUCETS     	QV	TOOTHBRUSH & TUMBLER HOLDERS  
61	BATHROOM FIXTURES/FAUCETS     	QW	VANITY SHELVES                
61	BATHROOM FIXTURES/FAUCETS     	QX	MISC TOWEL POSTS & BRACKETS   
61	BATHROOM FIXTURES/FAUCETS     	QY	TUB/SHOWER CURTAIN ROD & ENDS 
61	BATHROOM FIXTURES/FAUCETS     	QZ	SHOWER ARMS & ESCUTCHEONS     
61	BATHROOM FIXTURES/FAUCETS     	RH	TANK LEVER / BUTTON           
61	BATHROOM FIXTURES/FAUCETS     	ZT	SHOWER/J-DREAM-JACUZZI        
61	BATHROOM FIXTURES/FAUCETS     	ZU	ESTE'-JACUZZI                 
61	BATHROOM FIXTURES/FAUCETS     	ZV	SPA                           
61	BATHROOM FIXTURES/FAUCETS     	ZW	TUBS                          
61	BATHROOM FIXTURES/FAUCETS     	ZX	BUILDER TUB-JACUZZI           
61	BATHROOM FIXTURES/FAUCETS     	ZY	TUB ACCESSORY-JACUZZI         
62	KITCHEN FIXTURES/FAUCETS      	OC	RANGE HOODS & ACCESSORIES     
62	KITCHEN FIXTURES/FAUCETS      	OD	STAINLESS STEEL KITCHEN SINKS 
62	KITCHEN FIXTURES/FAUCETS      	OE	BASKET STRAINER               
62	KITCHEN FIXTURES/FAUCETS      	OF	KITCHEN FIRECLAY/FARMHOUSE SNK
62	KITCHEN FIXTURES/FAUCETS      	OG	BAR SINK METAL                
62	KITCHEN FIXTURES/FAUCETS      	OH	BAR SINK FIRECLAY/FARMHOUSE   
62	KITCHEN FIXTURES/FAUCETS      	OT	CABINET                       
62	KITCHEN FIXTURES/FAUCETS      	OU	COUNTERTOP                    
62	KITCHEN FIXTURES/FAUCETS      	OV	FOOD CENTER                   
62	KITCHEN FIXTURES/FAUCETS      	OW	SURFACE SAVER / BACK SPLASHES 
62	KITCHEN FIXTURES/FAUCETS      	OX	MISC FURNITURE & ACCESSORY    
62	KITCHEN FIXTURES/FAUCETS      	PF	P-TRAP                        
62	KITCHEN FIXTURES/FAUCETS      	PG	SUPPLY LINE & VALVES          
62	KITCHEN FIXTURES/FAUCETS      	QQ	BAR FAUCET                    
62	KITCHEN FIXTURES/FAUCETS      	QR	KITCHEN FAUCET                
62	KITCHEN FIXTURES/FAUCETS      	QS	MISC KITCHEN FAUCET PARTS     
66	HARDWARE                      	AC	HARDWARE UNDEFINED            
66	HARDWARE                      	QA	WINDOW HARDWARE               
66	HARDWARE                      	QZ	DOOR BUMPERS & STOPS          
66	HARDWARE                      	RA	DOOR CATCHES                  
66	HARDWARE                      	RB	DOOR BOLTS                    
66	HARDWARE                      	RC	DOOR ACCESSORIES              
66	HARDWARE                      	RD	STORM DOOR LOCKS              
66	HARDWARE                      	RE	STRIKE PLATES/LATCHES/MORTISE 
66	HARDWARE                      	RF	CUSTOM DOOR HARDWARE          
66	HARDWARE                      	RG	DOOR CLOSERS                  
66	HARDWARE                      	RH	COMMERCIAL DOOR LOCKS         
66	HARDWARE                      	RI	CABINET KNOB                  
66	HARDWARE                      	RJ	CABINET PULL                  
66	HARDWARE                      	RK	GRAB BAR                      
66	HARDWARE                      	RL	APPLIANCE PULL                
66	HARDWARE                      	RM	CUPBOARD LATCH                
66	HARDWARE                      	RN	SWITCH PLATE                  
66	HARDWARE                      	RO	DOOR KNOCKER                  
66	HARDWARE                      	RP	CABINET HARDWARE              
66	HARDWARE                      	RQ	DOOR HARDWARE                 
66	HARDWARE                      	RR	CABINET LATCH                 
66	HARDWARE                      	RS	FUNCTIONAL                    
66	HARDWARE                      	RT	ORGANIZERS                    
66	HARDWARE                      	RU	HOME HARDWARE ACCESSORIES     
66	HARDWARE                      	SG	HINGES                        
66	HARDWARE                      	SH	POCKET DOOR HARDWARE          
66	HARDWARE                      	SJ	GATE HARDWARE                 
67	HEALTH CARE                   	RM	SAUNA                         
67	HEALTH CARE                   	RV	STEAM                         
67	HEALTH CARE                   	RY	WATER PURIFIER                
68	MISCELLANEOUS                 	DA	DOOR CHIMES/PUSHBUTTONS       
68	MISCELLANEOUS                 	DB	UNDERCOUNTER LTS/ACCENT LTS   
68	MISCELLANEOUS                 	DC	DECORATIVE DOOR BELL BUTTONS  
68	MISCELLANEOUS                 	DH	LIGHT LIFTS                   
68	MISCELLANEOUS                 	DI	FIXTURE CLEANERS              
68	MISCELLANEOUS                 	DJ	FIBEROPTICS                   
68	MISCELLANEOUS                 	IA	CHAIN                         
68	MISCELLANEOUS                 	IB	INTERCOMS                     
68	MISCELLANEOUS                 	IE	DIMMERS/LIGHT CONTROLS        
68	MISCELLANEOUS                 	IK	FIXTURE PARTS                 
63	BULBS                         	IC	CATCHALL BULBS                
63	BULBS                         	KL	INCANDESCENT (NON-HALOGEN)    
63	BULBS                         	KM	INCANDESCENT (HALOGEN)        
63	BULBS                         	KN	FLUORESECENT                  
63	BULBS                         	KO	H.I.D.                        
63	BULBS                         	KP	LED BULBS                     
63	BULBS                         	KQ	LED FLOOD LAMPS               
65	ELECTRICAL                    	ID	SWITCHES                      
65	ELECTRICAL                    	IE	DIMMERS                       
65	ELECTRICAL                    	IF	ROOM LIGHTING CONTROLS        
65	ELECTRICAL                    	IG	WHOLE-HOME LIGHTING CONTROLS  
65	ELECTRICAL                    	II	WALLPLATES                    
65	ELECTRICAL                    	KA	COMM/DATA                     
65	ELECTRICAL                    	KB	BALLASTS                      
65	ELECTRICAL                    	KC	COUNTER UNDEFINED             
65	ELECTRICAL                    	KD	SOCKETS AND SOCKET ADAPTERS   
65	ELECTRICAL                    	KE	TIMERS/PHOTOCELL/MOTION SENSOR
65	ELECTRICAL                    	KF	SWITCHGEAR/BREAKERS           
65	ELECTRICAL                    	KG	WIRE                          
65	ELECTRICAL                    	KH	TRANSFORMERS                  
65	ELECTRICAL                    	KI	RECEPTACLES                   
64	HOME PRODUCTS                 	JA	VACUUM SYSTEMS AND ACCESSORIES
64	HOME PRODUCTS                 	SD	IRONING CENTERS & ACCESSORIES 
64	HOME PRODUCTS                 	SF	VENT FANS/HEATERS- ACCESSORIES
64	HOME PRODUCTS                 	SS	SIVOIA SHADES                 
70	WARMERS                       	RY	WARMING DRAWERS               
71	RANGES                        	RA	ELECTRIC RANGE STD            
71	RANGES                        	RB	GAS RANGE STD                 
71	RANGES                        	RC	DUAL FUEL RANGE STD           
71	RANGES                        	RD	PRO GAS OR DUAL FUEL RANGE    
72	COOKTOPS                      	RE	GAS COOKTOP                   
72	COOKTOPS                      	RF	ELECTRIC COOKTOP              
72	COOKTOPS                      	SE	DOWNDRAFT COOKTOP             
73	VENTILATION                   	RG	HOODS                         
73	VENTILATION                   	RH	DOWNDRAFT PRODUCTS            
74	OVENS                         	RI	ELECTRIC WALL OVENS           
74	OVENS                         	RJ	GAS WALL OVENS                
75	CLEAN UP                      	RK	DISHWASHERS                   
75	CLEAN UP                      	RL	DISPOSERS & COMPACTORS        
76	REFRIGERATION                 	RI	INSTA HOT/REFRIGERATED WATER  
76	REFRIGERATION                 	RM	TOP MOUNT REFRIGERATOR        
76	REFRIGERATION                 	RN	SIDE BY SIDE REFRIGERATOR     
76	REFRIGERATION                 	RO	BOTTOM MOUNT REFRIGERATOR     
76	REFRIGERATION                 	RP	BUILT IN REFRIGERATOR         
76	REFRIGERATION                 	RQ	FREE STANDING CABINET DEPTH   
76	REFRIGERATION                 	RR	ICEMAKERS & UNDERCOUNTER      
77	LAUNDRY                       	RS	WASHER - TOP LOAD             
77	LAUNDRY                       	RT	WASHER - FRONT LOAD           
77	LAUNDRY                       	RU	ELECTRIC DRYER                
77	LAUNDRY                       	RV	GAS DRYER                     
77	LAUNDRY                       	RW	STACK LAUNDRY                 
78	ACCESSORIES                   	RZ	ALL ACCESSORIES               
79	MICROWAVES                    	RX	MICROWAVES                    
79	MICROWAVES                    	SD	OVER THE RANGE MICROWAVES     
80	GRILLS                        	SA	GRILLS - FREESTANDING         
80	GRILLS                        	SB	GRILLS - BUILT IN             
81	WARRANTY                      	SC	WARRANTY                      
81	WARRANTY                      	SF	HIGH END APPLIANCES           
0	NATIONAL ACCOUNTS             	AF	NATIONAL ACCOUNTS UNDEFINED   
0	NATIONAL ACCOUNTS             	Z7	ALL TROUSDALE                 
69	KITCHEN                       	CA	CUSTOM CABINETRY              
69	KITCHEN                       	CB	CABINETRY                     
69	KITCHEN                       	CC	COUNTER TOPS                  
69	KITCHEN                       	CD	TILE                          
69	KITCHEN                       	CE	KITCHEN UNDEFINED             
82	APPLIANCES                    	AB	APPLIANCE UNDEFINED           
83	LIGHTING                      	AA	LIGHTING UNDEFINED            
85	LIQUIDATION PRODUCT           	ZA	10+ YEARS OLD (10%)           
85	LIQUIDATION PRODUCT           	ZB	5-9 YEARS OLD (5%)            
85	LIQUIDATION PRODUCT           	ZC	3-4 YEARS OLD (3%)            
85	LIQUIDATION PRODUCT           	ZD	LESS THAN 3 YEARS OLD (1%)    
