IMDESC	ITMDSC	PRICCD	IMLIST	IMTCST	GROUP	IMSTYL	IMRANK	IMGEN	IMXRBC	AMNAME	ITEM	IMMCST
EXT PROTECTION DBL/OVN 2 YEAR  	                                        	0	79	20	82	AB	7	90000763	                    	BEST BRANDS PLUS / MEGA GROUP 	3104RI2D                                	20
EXT PROTECTION DBL/OVN 3 YEAR  	                                        	0	119	31	82	AB	7	90000771	                    	BEST BRANDS PLUS / MEGA GROUP 	3104RI3D                                	31
EXT PROTETION DBL/OVN 5 YEAR   	                                        	0	169	53	82	AB	7	90000789	                    	BEST BRANDS PLUS / MEGA GROUP 	3104RI5D                                	53
EXT PROTECTION REPLCMT 2 YEAR A	                                        	0	24	6	82	AB	7	90000797	                    	BEST BRANDS PLUS / MEGA GROUP 	3104SC2A                                	6
EXT PROTECTION REPLCMT 2 YEAR B	                                        	0	40	10	82	AB	7	90000804	                    	BEST BRANDS PLUS / MEGA GROUP 	3104SC2B                                	10
EXT PROTECTION REPLCMT 2 YEAR C	                                        	0	76	19	82	AB	7	90000812	                    	BEST BRANDS PLUS / MEGA GROUP 	3104SC2C                                	19
EXT PROTECTION MICRO 2 YEAR    	                                        	0	99	20	82	AB	7	90000820	                    	BEST BRANDS PLUS / MEGA GROUP 	3104RX2D                                	20
EXT PROTECTION MICRO 3 YEAR    	                                        	0	149	31	81	SC	7	90000838	                    	BEST BRANDS PLUS / MEGA GROUP 	3104RX3D                                	31
EXT PROTECTION MICRO 5 YEAR    	                                        	0	199	53	82	AB	7	90000846	                    	BEST BRANDS PLUS / MEGA GROUP 	3104RX5D                                	53
EXT PROTECTION OTR 2 YEAR      	                                        	0	79	20	82	AB	7	90000854	                    	BEST BRANDS PLUS / MEGA GROUP 	3104SD2D                                	20
EXT PROTECTION OTR 3 YEAR      	                                        	0	119	31	82	AB	7	90000862	                    	BEST BRANDS PLUS / MEGA GROUP 	3104SD3D                                	31
EXT PROTECTION OTR 5 YEAR      	                                        	0	169	53	82	AB	7	90000870	                    	BEST BRANDS PLUS / MEGA GROUP 	3104SD5D                                	53
EXT PROTECTION ELEC/RNG 2 YEAR 	                                        	0	79	20	82	AB	7	90000888	                    	TMA INC                       	3104RA2D                                	20
EXT PROTECTION ELEC/RNG 3 YR   	                                        	0	119	31	82	AB	7	90000896	                    	TMA INC                       	3104RA3D                                	31
EXT PROTECTION ELEC/RNG 5 YR   	                                        	0	169	53	82	AB	7	90000903	                    	TMA INC                       	3104RA5D                                	53
EXT PROTECTION GAS/RNG 2 YR    	                                        	0	79	20	82	AB	7	90000911	                    	TMA INC                       	3104RB2D                                	20
EXT PROTECTION GAS/RNG 3 YR    	                                        	0	119	31	82	AB	7	90000929	                    	TMA INC                       	3104RB3D                                	31
EXT PROTECTION GAS/RNG 5 YR    	                                        	0	169	53	82	AB	7	90000937	                    	TMA INC                       	3104RB5D                                	53
EXT PROTECTION DF/RNG 2 YR     	                                        	0	79	20	82	AB	7	90000945	                    	TMA INC                       	3104RC2D                                	20
EXT PROTECTION DF/RNG 3 YR     	                                        	0	119	31	82	AB	7	90000953	                    	TMA INC                       	3104RC3D                                	31
EXT PROTECTION DF/RNG 5 YR     	                                        	0	169	53	82	AB	7	90000961	                    	TMA INC                       	3104RC5D                                	53
EXT PROTECTION PRO/DF RNG 2 YR 	                                        	0	79	20	82	AB	7	90000979	                    	BEST BRANDS PLUS / MEGA GROUP 	3104RD2D                                	20
EXT PROTECTION PRO/DF RNG 3 YR 	                                        	0	119	31	82	AB	7	90000987	                    	TMIO DISTRIBUTION, LLC        	3104RD3D                                	31
EXT PROTECTION PRO/DF RNG 5 YR 	                                        	0	169	53	82	AB	7	90000995	                    	TMIO DISTRIBUTION, LLC        	3104RD5D                                	53
EXT PROTECTION GAS/CKTP 2 YR   	                                        	0	79	20	82	AB	7	90001000	                    	TMIO DISTRIBUTION, LLC        	3104RE2D                                	20
EXT PROTECTION GAS/CKTP 3 YR   	                                        	0	119	31	82	AB	7	90001018	                    	TMIO DISTRIBUTION, LLC        	3104RE3D                                	31
EXT PROTECTION GAS/CKTP 5 YR   	                                        	0	169	53	82	AB	7	90001026	                    	TMIO DISTRIBUTION, LLC        	3104RE5D                                	53
EXT PROTECTION ELEC/CKTP 2 YR  	                                        	0	79	20	82	AB	7	90001034	                    	TMIO DISTRIBUTION, LLC        	3104RF2D                                	20
EXT PROTECTION ELEC/CKTP 3 YR  	                                        	0	119	31	82	AB	7	90001042	                    	TMIO DISTRIBUTION, LLC        	3104RF3D                                	31
EXT PROTECTION ELEC/CKTP 5 YR  	                                        	0	169	53	82	AB	7	90001050	                    	TMIO DISTRIBUTION, LLC        	3104RF5D                                	53
EXT PROTECTION DWNDFT/CKTP 2 YR	                                        	0	79	20	82	AB	7	90001068	                    	TMIO DISTRIBUTION, LLC        	3104SE2D                                	20
EXT PROTECTION DWNDFT/CKTP 3 YR	                                        	0	119	31	82	AB	7	90001076	                    	TMIO DISTRIBUTION, LLC        	3104SE3D                                	31
EXT PROTECTION DWNDFT/CKTP 5 YR	                                        	0	169	53	82	AB	7	90001084	                    	TMIO DISTRIBUTION, LLC        	3104SE5D                                	53
EXT PROTECTION WRM/DRWR 2 YR   	                                        	0	79	20	82	AB	7	90001092	                    	TMIO DISTRIBUTION, LLC        	3104RY2F                                	20
EXT PROTECTION WRM/DRWR 3 YR   	                                        	0	119	31	82	AB	7	90001109	                    	TMIO DISTRIBUTION, LLC        	3104RY3F                                	31
EXT PROTECTION WRM/DRWR 5 YR   	                                        	0	169	53	82	AB	7	90001117	                    	TMIO DISTRIBUTION, LLC        	3104RY5F                                	53
EXT PROTECTION GAS/OVN 2 YR    	                                        	0	79	20	82	AB	7	90001125	                    	TMIO DISTRIBUTION, LLC        	3104RJ2D                                	20
EXT PROTECTION GAS/OVN 3 YR    	                                        	0	119	31	82	AB	7	90001133	                    	TMIO DISTRIBUTION, LLC        	3104RJ3D                                	31
EXT PROTECTION GAS/OVN 5 YR    	                                        	0	169	53	82	AB	7	90001141	                    	TMIO DISTRIBUTION, LLC        	3104RJ5D                                	53
EXT PROTECTION ELEC/OVN 2 YR   	                                        	0	99	26	82	AB	7	90001159	                    	TMIO DISTRIBUTION, LLC        	3104RI2E                                	26
EXT PROTECTION ELEC/OVN 3 YR   	                                        	0	149	39	82	AB	7	90001167	                    	TMIO DISTRIBUTION, LLC        	3104RI3E                                	39
EXT PROTECTION ELEC/OVN 5 YR   	                                        	0	219	66	81	SC	7	90001175	                    	TMIO DISTRIBUTION, LLC        	3104RI5E                                	66
EXT PROTECTION GAS/OVN 2 YR    	                                        	0	99	26	82	AB	7	90001183	                    	TMIO DISTRIBUTION, LLC        	3104RJ2E                                	26
EXT PROTECTION GAS/OVN 3 YR    	                                        	0	149	39	82	AB	7	90001191	                    	TMIO DISTRIBUTION, LLC        	3104RJ3E                                	39
EXT PROTECTION GAS/OVN 5 YR    	                                        	0	219	66	82	AB	7	90001208	                    	TMIO DISTRIBUTION, LLC        	3104RJ5E                                	66
EXT PROTECTION ELEC/RNG 2 YR   	                                        	0	99	26	82	AB	7	90001216	                    	TMIO DISTRIBUTION, LLC        	3104RA2E                                	26
EXT PROTECTION ELEC/RNG 3 YR   	                                        	0	149	39	82	AB	7	90001224	                    	TMIO DISTRIBUTION, LLC        	3104RA3E                                	39
EXT PROTECTION ELEC/RNG 5 YR   	                                        	0	219	66	82	AB	7	90001232	                    	TMIO DISTRIBUTION, LLC        	3104RA5E                                	66
EXT PROTECTION GAS/RNG 2 YR    	                                        	0	99	26	82	AB	7	90001240	                    	TMIO DISTRIBUTION, LLC        	3104RB2E                                	26
EXT PROTECTION GAS/RNG 3 YR    	                                        	0	149	39	82	AB	7	90001258	                    	BEST BRANDS PLUS / MEGA GROUP 	3104RB3E                                	39
EXT PROTECTION GAS/RNG 5 YR    	                                        	0	219	66	82	AB	7	90001266	                    	BEST BRANDS PLUS / MEGA GROUP 	3104RB5E                                	66
EXT PROTECTION DF/RNG 2 YR     	                                        	0	99	26	82	AB	7	90001274	                    	BEST BRANDS PLUS / MEGA GROUP 	3104RC2E                                	26
EXT PROTECTION DF/RNG 3 YR     	                                        	0	149	39	82	AB	7	90001282	                    	BEST BRANDS PLUS / MEGA GROUP 	3104RC3E                                	39
EXT PROTECTION DF/RNG 5 YR     	                                        	0	219	66	82	AB	7	90001290	                    	BEST BRANDS PLUS / MEGA GROUP 	3104RC5E                                	66
EXT PROTECTION PRO/DF RNG 2 YR 	                                        	0	99	26	82	AB	7	90001307	                    	BEST BRANDS PLUS / MEGA GROUP 	3104RD2E                                	26
EXT PROTECTION PRO/DF RNG 3 YR 	                                        	0	149	39	82	AB	7	90001315	                    	BEST BRANDS PLUS / MEGA GROUP 	3104RD3E                                	39
EXT PROTECTION PRO/DF RNG 5 YR 	                                        	0	219	66	82	AB	7	90001323	                    	BEST BRANDS PLUS / MEGA GROUP 	3104RD5E                                	66
EXT PROTECTION GAS/CKTP 2 YR   	                                        	0	99	26	82	AB	7	90001331	                    	BEST BRANDS PLUS / MEGA GROUP 	3104RE2E                                	26
EXT PROTECTION GAS/CKTP 3 YR   	                                        	0	149	39	82	AB	7	90001349	                    	BEST BRANDS PLUS / MEGA GROUP 	3104RE3E                                	39
EXT PROTECTION GAS/CKTP 5 YR   	                                        	0	219	66	82	AB	7	90001357	                    	BEST BRANDS PLUS / MEGA GROUP 	3104RE5E                                	66
EXT PROTECTION ELEC/CKTP 2 YR  	                                        	0	99	26	82	AB	7	90001365	                    	BEST BRANDS PLUS / MEGA GROUP 	3104RF2E                                	26
EXT PROTECTION ELEC/CKTP 3 YR  	                                        	0	149	39	82	AB	7	90001373	                    	BEST BRANDS PLUS / MEGA GROUP 	3104RF3E                                	39
EXT PROTECTION ELEC/CKTP 5 YR  	                                        	0	219	66	82	AB	7	90001381	                    	BEST BRANDS PLUS / MEGA GROUP 	3104RF5E                                	66
EXT PROTECTION DWNDFT/CKTP 2 YR	                                        	0	99	26	82	AB	7	90001399	                    	BEST BRANDS PLUS / MEGA GROUP 	3104SE2E                                	26
EXT PROTECTION DWNDFT/CKTP 3 YR	                                        	0	149	39	82	AB	7	90001406	                    	BEST BRANDS PLUS / MEGA GROUP 	3104SE3E                                	39
EXT PROTECTION DWNDFT/CKTP 5 YR	                                        	0	219	66	82	AB	7	90001414	                    	BEST BRANDS PLUS / MEGA GROUP 	3104SE5E                                	66
EXT PROTECTION HIGH END 4 YR   	                                        	0	219	70	82	AB	7	90001422	                    	BEST BRANDS PLUS / MEGA GROUP 	3104SF4G                                	70
EXT PROTECTION HIGH END 5 YR   	                                        	0	299	91	82	AB	7	90001430	                    	BEST BRANDS PLUS / MEGA GROUP 	3104SF5G                                	91
EXT PROTECTION HIGH END 4 YR   	                                        	0	379	88	82	AB	7	90001448	                    	BEST BRANDS PLUS / MEGA GROUP 	3104SF4H                                	88
EXT PROTECTION HIGH END 5 YR   	                                        	0	479	120	82	AB	7	90001456	                    	BEST BRANDS PLUS / MEGA GROUP 	3104SF5H                                	120
EXT PROTECTION D/W 2 YR        	                                        	0	89	20	82	AB	7	90001464	                    	BEST BRANDS PLUS / MEGA GROUP 	3104RK2D                                	33.6
EXT PROTECTION D/W 3 YR        	                                        	0	109	31	82	AB	7	90001472	                    	BEST BRANDS PLUS / MEGA GROUP 	3104RK3D                                	55.8
EXT PROTECTION D/W 5 YR        	                                        	0	179	53	82	AB	7	90001480	                    	BEST BRANDS PLUS / MEGA GROUP 	3104RK5D                                	88.44
EXT PROTECTION DISPOSER 2 YR   	                                        	0	69	20	82	AB	7	90001498	                    	BEST BRANDS PLUS / MEGA GROUP 	3104RL2D                                	20
EXT PROTECTION DISPOSER 3 YR   	                                        	0	79	31	82	AB	7	90001505	                    	BEST BRANDS PLUS / MEGA GROUP 	3104RL3D                                	31
EXT PROTECTION DISPOSER 5 YR   	                                        	0	119	53	82	AB	7	90001513	                    	BEST BRANDS PLUS / MEGA GROUP 	3104RL5D                                	53
EXT PROTECTION D/W 2 YR        	                                        	0	99	26	82	AB	7	90001521	                    	BEST BRANDS PLUS / MEGA GROUP 	3104RK2E                                	26
EXT PROTECTION D/W 3 YR        	                                        	0	149	39	82	AB	7	90001539	                    	BEST BRANDS PLUS / MEGA GROUP 	3104RK3E                                	39
EXT PROTECTION D/W 5 YR        	                                        	0	199	66	81	SC	7	90001547	                    	BEST BRANDS PLUS / MEGA GROUP 	3104RK5E                                	66
EXT PROTECTION TPLD/WSHR 2 YR  	                                        	0	79	20	82	AB	7	90001555	                    	BEST BRANDS PLUS / MEGA GROUP 	3104RS2D                                	20
EXT PROTECTION TPLD/WSHR 3 YR  	                                        	0	119	38	82	AB	7	90001563	                    	BEST BRANDS PLUS / MEGA GROUP 	3104RS3D                                	38
EXT PROTECTION TPLD/WSHR 5 YR  	                                        	0	169	61	82	AB	7	90001571	                    	BEST BRANDS PLUS / MEGA GROUP 	3104RS5D                                	61
EXT PROTECTION FRNTLD/WSHR 2 YR	                                        	0	79	20	82	AB	7	90001589	                    	BEST BRANDS PLUS / MEGA GROUP 	3104RT2D                                	20
EXT PROTECTION FRNTLD/WSHR 3 YR	                                        	0	119	38	82	AB	7	90001597	                    	BEST BRANDS PLUS / MEGA GROUP 	3104RT3D                                	38
EXT PROTECTION FRNTLD/WSHR 5 YR	                                        	0	169	61	82	AB	7	90001604	                    	BEST BRANDS PLUS / MEGA GROUP 	3104RT5D                                	61
EXT PROTECTION ELEC/DRYER 2 YR 	                                        	0	79	20	82	AB	7	90001612	                    	BEST BRANDS PLUS / MEGA GROUP 	3104RU2D                                	20
EXT PROTECTION ELEC/DRYER 3 YR 	                                        	0	119	31	82	AB	7	90001620	                    	BEST BRANDS PLUS / MEGA GROUP 	3104RU3D                                	31
EXT PROTECTION ELEC/DRYER 5 YR 	                                        	0	169	53	82	AB	7	90001638	                    	BEST BRANDS PLUS / MEGA GROUP 	3104RU5D                                	53
EXT PROTECTION GAS/DRYER 2 YR  	                                        	0	79	20	82	AB	7	90001646	                    	BEST BRANDS PLUS / MEGA GROUP 	3104RV2D                                	20
EXT PROTECTION GAS/DRYER 3 YR  	                                        	0	119	31	82	AB	7	90001654	                    	BEST BRANDS PLUS / MEGA GROUP 	3104RV3D                                	31
EXT PROTECTION GAS/DRYER 5 YR  	                                        	0	169	53	82	AB	7	90001662	                    	BEST BRANDS PLUS / MEGA GROUP 	3104RV5D                                	53
EXT PROTECTION STK/LNDRY 2 YR  	                                        	0	79	20	82	AB	7	90001670	                    	BEST BRANDS PLUS / MEGA GROUP 	3104RW2D                                	20
EXT PROTECTION STK/LNDRY 3 YR  	                                        	0	119	53	82	AB	7	90001688	                    	BEST BRANDS PLUS / MEGA GROUP 	3104RW3D                                	53
EXT PROTECTION STK/LNDRY 5 YR  	                                        	0	169	92	82	AB	7	90001696	                    	BEST BRANDS PLUS / MEGA GROUP 	3104RW5D                                	92
EXT PROTECTION TPLD/WSHR 2 YR  	                                        	0	99	26	82	AB	7	90001703	                    	BEST BRANDS PLUS / MEGA GROUP 	3104RS2E                                	26
EXT PROTECTION TPLD/WSHR 3 YR  	                                        	0	149	45	82	AB	7	90001711	                    	BEST BRANDS PLUS / MEGA GROUP 	3104RS3E                                	45
EXT PROTECTION TPLD/WSHR 5 YR  	                                        	0	199	74	82	AB	7	90001729	                    	BEST BRANDS PLUS / MEGA GROUP 	3104RS5E                                	74
EXT PROTECTION FRNTLD/WSHR 2 YR	                                        	0	99	26	82	AB	7	90001737	                    	BEST BRANDS PLUS / MEGA GROUP 	3104RT2E                                	26
EXT PROTECTION FRNTLD/WSHR 3 YR	                                        	0	149	45	82	AB	7	90001745	                    	BEST BRANDS PLUS / MEGA GROUP 	3104RT3E                                	45
EXT PROTECTION FRNTLD/WSHR 5 YR	                                        	0	199	74	82	AB	7	90001753	                    	BEST BRANDS PLUS / MEGA GROUP 	3104RT5E                                	26
EXT PROTECTION ELEC/DRYER 2 YR 	                                        	0	99	26	82	AB	7	90001761	                    	BEST BRANDS PLUS / MEGA GROUP 	3104RU2E                                	26
EXT PROTECTION ELEC/DRYER 3 YR 	                                        	0	149	39	82	AB	7	90001779	                    	BEST BRANDS PLUS / MEGA GROUP 	3104RU3E                                	39
EXT PROTECTION ELEC/DRYER 5 YR 	                                        	0	199	66	82	AB	7	90001787	                    	BEST BRANDS PLUS / MEGA GROUP 	3104RU5E                                	66
EXT PROTECTION GAS/DRYER 2 YR  	                                        	0	99	26	82	AB	7	90001795	                    	TMIO DISTRIBUTION, LLC        	3104RV2E                                	26
EXT PROTECTION GAS/DRYER 3 YR  	                                        	0	149	39	82	AB	7	90001802	                    	TMIO DISTRIBUTION, LLC        	3104RV3E                                	39
EXT PROTECTION GAS/DRYER 5 YR  	                                        	0	199	66	82	AB	7	90001810	                    	TMIO DISTRIBUTION, LLC        	3104RV5E                                	66
EXT PROTECTION STKLNDRY 2 YR   	                                        	0	99	26	82	AB	7	90001828	                    	BEST BRANDS PLUS / MEGA GROUP 	3104RW2E                                	26
EXT PROTECTION STKLNDY 3 YR    	                                        	0	149	66	82	AB	7	90001836	                    	BEST BRANDS PLUS / MEGA GROUP 	3104RW3E                                	66
EXT PROTECTION STKLNDRY 5 YR   	                                        	0	199	116	82	AB	7	90001844	                    	BEST BRANDS PLUS / MEGA GROUP 	3104RW5E                                	116
EXT PROTECTION TPMT/REFRIG 2 YR	                                        	0	79	20	82	AB	7	90001852	                    	BEST BRANDS PLUS / MEGA GROUP 	3104RM2D                                	20
EXT PROTECTION TPMT/REFRIG 3 YR	                                        	0	119	31	82	AB	7	90001860	                    	BEST BRANDS PLUS / MEGA GROUP 	3104RM3D                                	31
EXT PROTECTION TPMT/REFRIG 5 YR	                                        	0	199	53	81	SC	7	90001878	                    	BEST BRANDS PLUS / MEGA GROUP 	3104RM5D                                	53
EXT PROTECTION SXS/REFRIG 2 YR 	                                        	0	79	20	82	AB	7	90001886	                    	BEST BRANDS PLUS / MEGA GROUP 	3104RN2D                                	20
EXT PROTECTION SXS/REFRIG 3 YR 	                                        	0	119	31	82	AB	7	90001894	                    	BEST BRANDS PLUS / MEGA GROUP 	3104RN3D                                	31
EXT PROTECTION SXS/REFRIG 5 YR 	                                        	0	199	53	82	AB	7	90001901	                    	BEST BRANDS PLUS / MEGA GROUP 	3104RN5D                                	53
EXT PROTECTION BTMMT/FRIG 2 YR 	                                        	0	79	20	82	AB	7	90001919	                    	BEST BRANDS PLUS / MEGA GROUP 	3104RO2D                                	20
EXT PROTECTION BTMMT/FRIG 3 YR 	                                        	0	119	31	82	AB	7	90001927	                    	BEST BRANDS PLUS / MEGA GROUP 	3104RO3D                                	31
EXT PROTECTION BTMMT/FRIG 5 YR 	                                        	0	199	53	81	SC	7	90001935	                    	BEST BRANDS PLUS / MEGA GROUP 	3104RO5D                                	53
EXT PROTECTION CTRDPT/FRIG 2 YR	                                        	0	79	20	82	AB	7	90001943	                    	BEST BRANDS PLUS / MEGA GROUP 	3104RQ2D                                	20
EXT PROTECTION CTRDPT/FRIG 3 YR	                                        	0	119	31	82	AB	7	90001951	                    	BEST BRANDS PLUS / MEGA GROUP 	3104RQ3D                                	31
EXT PROTECTION CTRDPT/FRIG 5 YR	                                        	0	199	53	82	AB	7	90001969	                    	BEST BRANDS PLUS / MEGA GROUP 	3104RQ5D                                	53
EXT PROTECTION UNDRCTR 2 YR    	                                        	0	79	20	82	AB	7	90001977	                    	BEST BRANDS PLUS / MEGA GROUP 	3104RR2D                                	20
EXT PROTECTION UNDRCTR 3 YR    	                                        	0	119	31	82	AB	7	90001985	                    	BEST BRANDS PLUS / MEGA GROUP 	3104RR3D                                	31
EXT PROTECTION UNDRCTR 5 YR    	                                        	0	199	53	82	AB	7	90001993	                    	BEST BRANDS PLUS / MEGA GROUP 	3104RR5D                                	53
EXT PROTECTION TPMT/FRIG 2 YR  	                                        	0	139	26	82	AB	7	90002008	                    	BEST BRANDS PLUS / MEGA GROUP 	3104RM2E                                	26
EXT PROTECTION TPMT/FRIG 3 YR  	                                        	0	159	39	82	AB	7	90002016	                    	BEST BRANDS PLUS / MEGA GROUP 	3104RM3E                                	39
EXT PROTECTION TPMT/FRIG 5 YR  	                                        	0	239	66	82	AB	7	90002024	                    	BEST BRANDS PLUS / MEGA GROUP 	3104RM5E                                	66
EXT PROTECTION SXS/FRIG 2 YR   	                                        	0	139	26	82	AB	7	90002032	                    	BEST BRANDS PLUS / MEGA GROUP 	3104RN2E                                	26
EXT PROTECTION SXS/FRIG 3 YR   	                                        	0	159	39	82	AB	7	90002040	                    	BEST BRANDS PLUS / MEGA GROUP 	3104RN3E                                	39
EXT PROTECTION SXS/FRIG 5 YR   	                                        	0	239	66	82	AB	7	90002058	                    	BEST BRANDS PLUS / MEGA GROUP 	3104RN5E                                	66
EXT PROTECTION BTMMT/FRIG 2 YR 	                                        	0	169	26	82	AB	7	90002066	                    	BEST BRANDS PLUS / MEGA GROUP 	3104RO2E                                	45
EXT PROTECTION BTMMT/FRIG 3 YR 	                                        	0	209	39	82	AB	7	90002074	                    	BEST BRANDS PLUS / MEGA GROUP 	3104RO3E                                	74.88
EXT PROTECTION BTMMT/FRIG 5 YR 	                                        	0	289	66	82	AB	7	90002082	                    	BEST BRANDS PLUS / MEGA GROUP 	3104RO5E                                	117.24
EXT PROTECTION BI/REFRIG 2 YR  	                                        	0	139	26	82	AB	7	90002090	                    	BEST BRANDS PLUS / MEGA GROUP 	3104RP2E                                	26
EXT PROTECTION BI/REFRIG 3 YR  	                                        	0	159	39	82	AB	7	90002107	                    	BEST BRANDS PLUS / MEGA GROUP 	3104RP3E                                	39
EXT PROTECTION BI/REFRIG 5 YR  	                                        	0	239	66	82	AB	7	90002115	                    	BEST BRANDS PLUS / MEGA GROUP 	3104RP5E                                	66
EXT PROTECTION CTRDPT/FRIG 2 YR	                                        	0	139	26	82	AB	7	90002123	                    	BEST BRANDS PLUS / MEGA GROUP 	3104RQ2E                                	26
EXT PROTECTION CTRDPT/FRIG 3 YR	                                        	0	159	39	82	AB	7	90002131	                    	BEST BRANDS PLUS / MEGA GROUP 	3104RQ3E                                	39
EXT PROTECTION CTRDPT/FRIG 5 YR	                                        	0	239	66	82	AB	7	90002149	                    	BEST BRANDS PLUS / MEGA GROUP 	3104RQ5E                                	66
EXT PROTECTION UNDRCTR 2 YR    	                                        	0	139	26	82	AB	7	90002157	                    	BEST BRANDS PLUS / MEGA GROUP 	3104RR2E                                	26
EXT PROTECTION UNDRCTR 3 YR    	                                        	0	159	39	82	AB	7	90002165	                    	BEST BRANDS PLUS / MEGA GROUP 	3104RR3E                                	39
EXT PROTECTION UNDRCTR 5 YR    	                                        	0	239	66	81	SC	7	90002173	                    	BEST BRANDS PLUS / MEGA GROUP 	3104RR5E                                	66
EXT PROTECTION HOOD 2 YR       	                                        	0	79	20	82	AB	7	90002181	                    	BEST BRANDS PLUS / MEGA GROUP 	3104RG2D                                	20
EXT PROTECTION HOOD 3 YR       	                                        	0	119	31	82	AB	7	90002199	                    	BEST BRANDS PLUS / MEGA GROUP 	3104RG3D                                	31
EXT PROTECTION HOOD 5 YR       	                                        	0	199	53	82	AB	7	90002206	                    	BEST BRANDS PLUS / MEGA GROUP 	3104RG5D                                	53
EXT PROTECTION DWNDFT 2 YR     	                                        	0	79	20	82	AB	7	90002214	                    	BEST BRANDS PLUS / MEGA GROUP 	3104RH2D                                	20
EXT PROTECTION DWNDFT 3 YR     	                                        	0	119	31	82	AB	7	90002222	                    	BEST BRANDS PLUS / MEGA GROUP 	3104RH3D                                	31
EXT PROTECTION DWNDFT 5 YR     	                                        	0	199	53	82	AB	7	90002230	                    	BEST BRANDS PLUS / MEGA GROUP 	3104RH5D                                	53
EXT PROTECTION HOOD 2 YR       	                                        	0	99	26	82	AB	7	90002248	                    	BEST BRANDS PLUS / MEGA GROUP 	3104RG2E                                	26
EXT PROTECTION DWNDFT 3 YR     	                                        	0	149	39	82	AB	7	90002256	                    	BEST BRANDS PLUS / MEGA GROUP 	3104RH3E                                	39
EXT PROTECTION HOOD 3 YR       	                                        	0	149	39	82	AB	7	90002264	                    	BEST BRANDS PLUS / MEGA GROUP 	3104RG3E                                	39
EXT PROTECTION HOOD 5 YR       	                                        	0	259	66	82	AB	7	90002272	                    	BEST BRANDS PLUS / MEGA GROUP 	3104RG5E                                	66
EXT PROTECTION DWNDFT 2 YR     	                                        	0	99	26	82	AB	7	90002280	                    	BEST BRANDS PLUS / MEGA GROUP 	3104RH2E                                	26
EXT PROTECTION DWNDFT 5 YR     	                                        	0	259	66	82	AB	7	90002298	                    	BEST BRANDS PLUS / MEGA GROUP 	3104RH5E                                	66
EXT PROTECTION MAJOR APPLIANCE 	5 YEAR UP TO $4999                      	0	221.99	110.62	82	AB	7	90002305	                    	TMA INC                       	5Y4999MA                                	110.62
EXT PROTECTION MAJOR APPLIANCE 	5 YEAR UP TO $9999                      	0	365.99	182.72	82	AB	7	90002313	                    	TMA INC                       	5Y9999MA                                	182.72
EXT PROTECTION MAJOR APPLIANCE 	5 YEAR UP TO $1999                      	0	158.99	79.25	81	SC	7	90002321	                    	TMA INC                       	5Y1999MA                                	79.25
EXT PROTECTION MAJOR APPLIANCE 	5 YEAR UP TO $2999                      	0	183.99	91.91	82	AB	7	90002339	                    	TMA INC                       	5Y2999MA                                	91.91
EXT PROTECTION MAJOR APPLIANCE 	5 YEAR UP TO $19,999                    	0	623.99	311.58	82	AB	7	90002347	                    	TMA INC                       	5Y19999MA                               	311.58
EXT PROTECTION REFRIGERATOR 5 Y	EAR UP TO $4999                         	0	265.99	132.85	81	SC	7	90002355	                    	TMA INC                       	5Y4999RF                                	132.85
EXT PROTECTION PLAN MAJOR APPLI	ANCE 5 YEAR UP TO $599                  	0	91.99	45.84	81	SC	7	90002363	                    	TMA INC                       	5Y599MA                                 	45.84
EXT PROTECTION MAJOR APPLIANCE 	5 YEAR UP TO $999                       	0	114.99	51.04	81	SC	7	90002371	                    	WHIRLPOOL CORPORATION         	5Y999MA                                 	51.04
EXT PROTECTION REFRIGERATOR 5 Y	EAR UP TO $19,999                       	0	659.03	263.61	81	SC	7	90002389	                    	BEST BRANDS PLUS / MEGA GROUP 	5Y19999RF                               	263.61
EXT PROTECTION 5 YEAR REFRIGERA	TOR UP TO $2,999                        	0	219.18	128.42	81	SC	7	90002397	                    	BEST BRANDS PLUS / MEGA GROUP 	5Y2999RF                                	128.42
EXT PROTECTION 5 YEAR MAJOR APP	LIANCE UP TO $1,499                     	0	181.03	72.41	81	SC	7	90002404	                    	BEST BRANDS PLUS / MEGA GROUP 	5Y1499MA                                	72.41
EXT PROTECTION ICEMAKER 5 YEAR 	UP TO $2999                             	0	589.43	235.77	82	AB	7	90002412	                    	WHIRLPOOL CORPORATION         	5Y2999IC                                	235.77
EXT PROTECTION 5 YEAR WASHER UP	 TO $1,499                              	0	299	77.07	81	SC	7	90002420	                    	BEST BRANDS PLUS / MEGA GROUP 	5Y1499WS                                	77.07
EXT PROTECTION REFRIGERATOR 5 Y	EAR UP TO $1,999                        	0	399	0	81	SC	7	90002438	                    	BEST BRANDS PLUS / MEGA GROUP 	5Y1999RF                                	0
DEPOSIT                       0	                                        	0	0	0	0	  	3	1	                    	MISC 9 CODES / CORPORATE      	2103000	0
SALES TAX - TENNESSEE          	                                        	0	0	0	0	  	3	2	                    	MISC 9 CODES / CORPORATE      	2200000	0
FREIGHT-IN CHARGE             2	                                        	0	999.99	0	0	  	3	3	                    	MISC 9 CODES / CORPORATE      	4121000	0
FREIGHT-IN CHARGE             3	                                        	0	0	0	0	  	3	4	                    	MISC 9 CODES / CORPORATE      	4131000	0
OVERAGE PAYMENT RECEIVED FOR   	THIS LOT                                	0	0	0	0	  	3	20	                    	MISC 9 CODES / CORPORATE      	2104000	0
FREIGHT-IN CHARGE             K	                                        	0	0	0	0	  	3	30	                    	MISC 9 CODES / CORPORATE      	4151000	0
LABOR FOR MERCHANDISE REPAIR  2	                                        	0	0	0	0	  	3	50	                    	MISC 9 CODES / CORPORATE      	5502112	0
INSTALLATION FEE               	                                        	0	0	0	0	  	3	51	                    	MISC 9 CODES / CORPORATE      	5502112INST                             	0
NON-INVENTORY APPLIANCE PARTS  	                                        	0	0	0	0	  	3	52	                    	MISC 9 CODES / CORPORATE      	5600104	0
ADVERTISING LIGHTING          2	                                        	0	0	0	0	  	3	53	                    	MISC 9 CODES / CORPORATE      	5800102	0
ADVERTISING                   4	                                        	0	0	0	0	  	3	54	                    	MISC 9 CODES / CORPORATE      	5800104	0
SALES PROMOTION               2	                                        	0	0	0	0	  	3	56	                    	MISC 9 CODES / CORPORATE      	6000102	0
SALES PROMOTION               K	                                        	0	0	0	0	  	3	58	                    	MISC 9 CODES / CORPORATE      	6000109	0
SHARED BUILDING UTILITY COST   	                                        	0	0	0	0	  	3	59	                    	MISC 9 CODES / CORPORATE      	6300111UTIL                             	0
FREIGHT CHARGE                1	                                        	0	0	0	0	  	3	75	                    	MISC 9 CODES / CORPORATE      	7100101	0
FREIGHT CHARGE                2	                                        	0	0	0	0	  	3	76	                    	MISC 9 CODES / CORPORATE      	7100102	0
FREIGHT-OUT CHARGE            4	                                        	0	0	0	0	  	3	85	                    	MISC 9 CODES / CORPORATE      	7100104	0
SHIPPING AND HANDLING CHARGE   	                                        	0	0	0	0	  	3	91	                    	MISC 9 CODES / CORPORATE      	7100111	0
FREIGHT OUT CHARGE - UPS       	                                        	0	0	0	0	  	3	111	                    	MISC 9 CODES / CORPORATE      	7101111UPS                              	0
FREIGHT OUT CHARGE - FED-EX    	                                        	0	0	0	0	  	3	112	                    	MISC 9 CODES / CORPORATE      	7102111FEDX                             	0
GIFT CERTIFICATE              2	                                        	0	0	0	0	  	3	130	                    	MISC 9 CODES / CORPORATE      	9200102CER                              	0
RESTOCKING CHARGE             1	                                        	0	0	0	0	  	3	150	                    	MISC 9 CODES / CORPORATE      	9200101RST                              	0
DESIGN FEE - LIGHTING         2	                                        	0	0	0	0	  	3	181	                    	MISC 9 CODES / CORPORATE      	9200102DSN                              	0
LABOR CHARGE                  2	                                        	0	0	0	0	  	3	333	                    	MISC 9 CODES / CORPORATE      	9200102LAB                              	0
RENTAL FEE                    2	                                        	0	0	0	0	  	3	334	                    	MISC 9 CODES / CORPORATE      	9200102RNT                              	0
RESTOCKING CHARGE             2	                                        	0	0	0	0	  	3	335	                    	MISC 9 CODES / CORPORATE      	9200102RST                              	0
GIFT CERTIFICATE              4	                                        	0	0	0	0	  	3	336	                    	MISC 9 CODES / CORPORATE      	9200104CER                              	0
DELIVERY CHARGE               4	                                        	0	0	0	0	  	3	337	                    	MISC 9 CODES / CORPORATE      	9200104DEL                              	0
EXTENDED WARRANTY              	                                        	0	0	0	0	  	3	338	                    	MISC 9 CODES / CORPORATE      	9200104EXT                              	0
INSTALLATION FEE              4	                                        	0	0	0	0	  	3	340	                    	MISC 9 CODES / CORPORATE      	9200104INST                             	0
RESTOCKING CHARGE             4	                                        	0	0	0	0	  	3	345	                    	MISC 9 CODES / CORPORATE      	9200104RST                              	0
LIGHTING DESIGN AUDIT          	                                        	0	0	0	0	  	3	355	                    	MISC 9 CODES / CORPORATE      	9200110AUD                              	0
SHARED INSURANCE & R/E TAX COST	                                        	0	0	0	0	  	3	399	                    	MISC 9 CODES / CORPORATE      	9210120COST                             	0
MONTHLY RENT                   	                                        	0	0	0	0	  	3	400	                    	MISC 9 CODES / CORPORATE      	9210120RENT                             	0
DISCOUNT - COUPON             0	                                        	0	0	0	0	  	3	401	                    	MISC 9 CODES / CORPORATE      	9800108CPN                              	0
CASH DISCOUNT                 0	                                        	0	0	0	0	  	3	402	                    	MISC 9 CODES / CORPORATE      	9800108CSH                              	0
DISCOUNT CODE                 0	                                        	0	0	0	0	  	3	445	                    	MISC 9 CODES / CORPORATE      	9800108PRM                              	0
DISCOUNT - TENNE-SENIOR       0	                                        	0	0	0	0	  	3	446	                    	MISC 9 CODES / CORPORATE      	9800108TNSR                             	0
GIFT CERTIFICATE              1	                                        	0	0	0	0	  	3	501	                    	MISC 9 CODES / CORPORATE      	9200101CER                              	0
BASE HOUSE LIGHTING PACKAGE    	                                        	0	0	0	0	  	7	12000189	                    	MISC 9 CODES / CORPORATE      	1204000 BASE HOUSE LIGHTING             	0
OPTION                         	                                        	0	0	0	0	  	7	12000197	                    	MISC 9 CODES / CORPORATE      	120400OPTN                              	0
REBATE ON LIGHTING PACKAGE     	                                        	0	0	0	0	  	3	12000204	                    	MISC 9 CODES / CORPORATE      	1204000 LIGHTING REBATE                 	0
LOGANS MAIN LIGHT PACKAGE      	                                        	0	0	0	0	  	3	12000246	                    	MISC 9 CODES / CORPORATE      	1204000 LOGANS MAIN                     	0
LOGANS SITE LITES              	                                        	0	0	0	0	  	3	12000254	                    	MISC 9 CODES / CORPORATE      	1204000 LOGANS SITE                     	0
LOGANS EXTRA LAMPS             	                                        	0	0	0	0	  	3	12000262	                    	MISC 9 CODES / CORPORATE      	1204000 EXTRA LAMPS                     	0
KICHLER LANDSCAPE LIGHTING     	REBATE                                  	0	0	0	0	  	3	12000296	                    	MISC 9 CODES / CORPORATE      	1208000	0
HOLD ORDER ADJUSTMENTS         	                                        	0	0	0	0	  	3	12000311	                    	MISC 9 CODES / CORPORATE      	1204000ADJ                              	0
SALES TAX - PENSACOLA FL       	                                        	0	0	0	0	  	3	22000070	                    	MISC 9 CODES / CORPORATE      	2200140	0
SALES TAX - KENTUCKY           	                                        	0	0	0	0	  	3	22000088	                    	MISC 9 CODES / CORPORATE      	2200150	0
SALES TAX - ORLANDO FL         	                                        	0	0	0	0	  	3	22000096	                    	MISC 9 CODES / CORPORATE      	2200141	0
SALES TAX - NEW MEXICO         	                                        	0	0	0	0	  	3	22000103	                    	MISC 9 CODES / CORPORATE      	2200160	0
SALES TAX - GEORGIA            	                                        	0	0	0	0	  	3	22000111	                    	MISC 9 CODES / CORPORATE      	2200170	0
SALES TAX - NORTH CAROLINA     	                                        	0	0	0	0	  	3	22000129	                    	MISC 9 CODES / CORPORATE      	2200180	0
SALES TAX - MINNESOTA          	                                        	0	0	0	0	  	3	22000145	                    	MISC 9 CODES / CORPORATE      	2200155	0
SALES TAX - NEW YORK           	                                        	0	0	0	0	  	7	22000153	                    	MISC 9 CODES / CORPORATE      	2200165	0
SALES TAX - CALIFORNIA         	                                        	0	0	0	0	  	3	22000608	                    	MISC 9 CODES / CORPORATE      	2200145	0
SALES TAX - HAWAII             	                                        	0	0	0	0	  	3	22000616	                    	MISC 9 CODES / CORPORATE      	2200175	0
SALES TAX - MISSISSIPPI        	                                        	0	0	0	0	  	3	22000624	                    	MISC 9 CODES / CORPORATE      	2200185	0
SALES TAX - WASHINGTON STATE   	                                        	0	0	0	0	  	3	22000632	                    	MISC 9 CODES / CORPORATE      	2200190	0
SALES TAX - LOUISIANA          	                                        	0	0	0	0	  	3	22000640	                    	MISC 9 CODES / CORPORATE      	2200195	0
SALES TAX - OKLAHOMA           	                                        	0	0	0	0	  	3	22000658	                    	MISC 9 CODES / CORPORATE      	2200135	0
SALES TAX - UTAH               	                                        	0	0	0	0	  	3	22000666	                    	MISC 9 CODES / CORPORATE      	2200200	0
SALES TAX - VIRGINIA           	                                        	0	0	0	0	  	3	22000674	                    	MISC 9 CODES / CORPORATE      	2200225	0
SALES TAX - MISSOURI           	                                        	0	0	0	0	  	3	22000682	                    	MISC 9 CODES / CORPORATE      	2200230	0
SALES TAX - COLORADO           	                                        	0	0	0	0	0	3	22000690	                    	MISC 9 CODES / CORPORATE      	2200235	0
SALES TAX - TEXAS              	                                        	0	0	0	0	  	3	22000707	                    	MISC 9 CODES / CORPORATE      	2200240	0
SALES TAX - SOUTH CAROLINA     	                                        	0	0	0	0	  	3	22000715	                    	MISC 9 CODES / CORPORATE      	2200245	0
SALES TAX - NEW JERSEY         	                                        	0	0	0	0	  	3	22000749	                    	MISC 9 CODES / CORPORATE      	2200250	0
SALES TAX - ARIZONA            	                                        	0	0	0	0	  	3	22000757	                    	MISC 9 CODES / CORPORATE      	2200255	0
SALES TAX - PENNSYLVANIA       	                                        	0	0	0	0	  	3	22000773	                    	MISC 9 CODES / CORPORATE      	2200260	0
SALES TAX - WYOMING            	                                        	0	0	0	0	  	3	22000880	                    	MISC 9 CODES / CORPORATE      	2200265	0
SALES TAX - CONNETICUT         	                                        	0	0	0	0	  	3	22000898	                    	MISC 9 CODES / CORPORATE      	2200270	0
SALES TAX - OHIO               	                                        	0	0	0	0	  	3	22000905	                    	MISC 9 CODES / CORPORATE      	2200275	0
SALES TAX - ALABAMA            	                                        	0	0	0	0	  	0	22000963	                    	MISC 9 CODES / CORPORATE      	2200100	0.03
SALES TAX - SOUTH DAKOTA       	                                        	0	0	0	0	  	3	22000971	                    	MISC 9 CODES / CORPORATE      	2200210	0
SALES TAX - FLORIDA            	                                        	0	0	0	0	  	3	22000989	                    	MISC 9 CODES / CORPORATE      	2200142	0
SALES TAX - ILLINOIS           	                                        	0	0	0	0	  	7	22001002	                    	MISC 9 CODES / CORPORATE      	2200148	0
SALES TAX - INDIANA            	                                        	0	0	0	0	  	7	22001010	                    	MISC 9 CODES / CORPORATE      	2200146	0
SALES TAX - NEBRASKA           	                                        	0	0	0	0	  	7	22001028	                    	MISC 9 CODES / CORPORATE      	2200247	0
SALES TAX - MICHIGAN           	                                        	0	0	0	0	  	7	22001036	                    	MISC 9 CODES / CORPORATE      	2200154	0
SALES TAX - WISCONSIN          	                                        	0	0	0	0	  	7	22001044	                    	MISC 9 CODES / CORPORATE      	2200263	0
SALES TAX - KANSAS             	                                        	0	0	0	0	  	7	22001086	                    	MISC 9 CODES / CORPORATE      	2200151	0
SALES TAX - IOWA               	                                        	0	0	0	0	  	7	22001094	                    	MISC 9 CODES / CORPORATE      	2200280	0
SALES TAX - MAINE              	                                        	0	0	0	0	  	7	22001101	                    	MISC 9 CODES / CORPORATE      	2200285	0
SALES TAX - MARYLAND           	                                        	0	0	0	0	  	7	22001119	                    	MISC 9 CODES / CORPORATE      	2200290	0
SALES TAX - NEVADA             	                                        	0	0	0	0	  	7	22001127	                    	MISC 9 CODES / CORPORATE      	2200295	0
SALES TAX - ARKANSAS           	                                        	0	0	0	0	  	7	22001135	                    	MISC 9 CODES / CORPORATE      	2200300	0
SALES TAX - WASHINGTON DC      	                                        	0	0	0	0	  	7	22001143	                    	MISC 9 CODES / CORPORATE      	2200305	0
SALES TAX - MASSACHUSETTS      	                                        	0	0	0	0	  	0	22001169	                    	MISC 9 CODES / CORPORATE      	2200310	0
SALES TAX - CANADA-ON          	                                        	0	0	0	0	  	7	22001177	                    	MISC 9 CODES / CORPORATE      	2200315	0
SALES TAX - IDAHO              	                                        	0	0	0	0	  	7	22001185	                    	MISC 9 CODES / CORPORATE      	2200320	0
SALES TAX - RHODE ISLAND       	                                        	0	0	0	0	  	3	22001200	                    	MISC 9 CODES / CORPORATE      	2200-325                                	0
SALES TAX - ALASKA             	                                        	0	0	0	0	  	0	22001268	                    	MISC 9 CODES / CORPORATE      	2200120	0.03
SALES TAX - DELAWARE           	                                        	0	0	0	0	  	0	22001276	                    	MISC 9 CODES / CORPORATE      	2200220	0.03
SALES TAX - MONTANA            	                                        	0	0	0		  	0	22001284	                    	MISC 9 CODES / CORPORATE      	2200330	0
SALES TAX - NEW HAMPSHIRE      	                                        	0	0	0		  	0	22001292	                    	MISC 9 CODES / CORPORATE      	2200340	0
SALES TAX - NORTH DAKOTA       	                                        	0	0	0		  		22001309	                    	MISC 9 CODES / CORPORATE      	2200350	0
SALES TAX - OREGON             	                                        	0	0	0		  		22001317	                    	MISC 9 CODES / CORPORATE      	2200360	0
SALES TAX - VERMONT            	                                        	0	0	0	0	  	0	22001325	                    	MISC 9 CODES / CORPORATE      	2200370	0
SALES TAX - WEST VIRGINA       	                                        	0	0	0	0	  	0	22001333	                    	MISC 9 CODES / CORPORATE      	2200380	0
FREIGHT IN                     	                                        	0	0.01	0.01	0	  	3	41200205	                    	MISC 9 CODES / CORPORATE      	4120000	0
SALES PROMOTION                	                                        	0	0	0	0	  	1	60000173	                    	MISC 9 CODES / CORPORATE      	6000104PRM                              	0
MISC. BUILDER EXPENSE          	                                        	0	0	0	0	  	3	64000153	                    	MISC 9 CODES / CORPORATE      	6400102	0
DELIVERY CHARGE                	                                        	0	0	0	0	  	3	71000188	                    	MISC 9 CODES / CORPORATE      	7100102DEL                              	0
FREIGHT OUT CHARGE- INTERNET   	                                        	0	0	0	0	  	3	71000196	                    	MISC 9 CODES / CORPORATE      	7100130	0
FREIGHT OUT-HARDWARE           	                                        	0	0	0	0	  	3	71000401	                    	MISC 9 CODES / CORPORATE      	9-7100103                               	0
FREIGHT OUT - UPS              	                                        	0	0	0	0	  	3	71000419	                    	MISC 9 CODES / CORPORATE      	9-7101103                               	0
FREIGHT OUT - FEDEX            	                                        	0	0	0	0	  	3	71000427	                    	MISC 9 CODES / CORPORATE      	9-7102103                               	0
FREIGHT CHARGE                 	                                        	0	0	0	0	  	3	71000485	                    	MISC 9 CODES / CORPORATE      	7100109	0
DESIGN FEE - KITCHEN           	                                        	0	999999.99	0	0	  	7	92000026	                    	MISC 9 CODES / CORPORATE      	9200109	0
MINIMUM ORDER CHARGE          2	                                        	0	99.99	0	0	  	3	92000042	                    	MISC 9 CODES / CORPORATE      	9200102MIN                              	0
LUTRON PROGRAMMING FEE         	                                        	0	0	0	0	  	3	92000068	                    	MISC 9 CODES / CORPORATE      	9200101LUTN                             	0
SEAGULL HANDLING CHARGE        	                                        	0	99.99	0	0	  	3	92000076	                    	MISC 9 CODES / CORPORATE      	9200101SEGL                             	0
DELIVERY CHARGE                	                                        	0	0	0	0	  	3	92000084	                    	MISC 9 CODES / CORPORATE      	9200102 DELIVERY                        	0
RA-RSP PROGRAMMING CHARGE      	                                        	0	999999.99	0.01	0	  	7	92000092	                    	MISC 9 CODES / CORPORATE      	9200101PRG                              	0.01
FUEL SURCHARGE                 	                                        	0	0	0	0	  	1	92000109	                    	MISC 9 CODES / CORPORATE      	9200102 FUEL                            	0
FUEL SURCHARGE                 	                                        	0	0	0	0	  	1	92000117	                    	MISC 9 CODES / CORPORATE      	9200104 FUEL                            	0
BUILDER REBATE                 	                                        	0	0.01	0.01	0	  	1	92000125	                    	MISC 9 CODES / CORPORATE      	9201102	0
LFL GIFT CERTIFICATE           	                                        	0	0	0	0	  	3	92000159	                    	MISC 9 CODES / CORPORATE      	9200130CER                              	0
INSTALLATION CHARGE            	                                        	0	0	0	0	  	3	92000167	                    	MISC 9 CODES / CORPORATE      	9200102 INSTALLATION                    	0
LABOR CHARGE APPLIANCES        	                                        	0	0	0	0	  	3	92000191	                    	MISC 9 CODES / CORPORATE      	9200104 APPL LABOR                      	0
KEYING CHARGE                  	                                        	0	0	0	0	  	3	92000208	                    	MISC 9 CODES / CORPORATE      	9200130KEY                              	0
HARDWARE GIFT CERTIFICATE      	                                        	0	0	0	0	  	3	92000216	                    	MISC 9 CODES / CORPORATE      	9200103CER                              	0
CRATE FEE                      	                                        	0	0	0	0	  	3	92000224	                    	MISC 9 CODES / CORPORATE      	9200102 CRATE FEE                       	0
LABOR CHARGE - NATIONAL ACCTS  	                                        	0	0	0	0	  	3	92000232	                    	MISC 9 CODES / CORPORATE      	9200111LAB                              	0
HARDWARE KEY CHARGE            	                                        	0	0	0	0	  	3	92000240	                    	MISC 9 CODES / CORPORATE      	9200103KEY                              	0
STORAGE FEE                    	                                        	0	0	0	0	  	3	92000258	                    	MISC 9 CODES / CORPORATE      	9200104STR                              	0
BANK SERVICE FEES              	                                        	0	0	0	0	  	3	97100029	                    	MISC 9 CODES / CORPORATE      	9710108	0
VALUED CUSTOMER DISCOUNT       	                                        	0	0	0	0	  	3	98000012	                    	MISC 9 CODES / CORPORATE      	9800130DISC                             	0
MINKA AIR TRADE IN DISCOUNT    	                                        	0	0	0	0	  	3	98000020	                    	MISC 9 CODES / CORPORATE      	9-9800108MAD                            	0
INTERNET DISCOUNT COUPON       	                                        	0	0	0	0	  	3	98000038	                    	MISC 9 CODES / CORPORATE      	9801108	0
PREDATORS DISCOUNT COUPON      	                                        	0	0	0	0	0	3	98000046	                    	MISC 9 CODES / CORPORATE      	9800108PRD                              	0
FACE BOOK DISCOUNT COUPON      	                                        	0	0	0	0	0	3	98000054	                    	MISC 9 CODES / CORPORATE      	9800108FBK                              	0
15% UGLY SWEATER DISCOUNT      	                                        	0	0	0	83	AA	3	98000062	                    	MISC 9 CODES / CORPORATE      	9800108UGLY                             	0
IN STORE $10.00 DISCOUNT       	                                        	0	10	0	0	0	3	98000070	                    	MISC 9 CODES / CORPORATE      	9800108INSTORE                          	0
CMA DISCOUNT COUPON            	                                        	0	25	0		  	3	98000088	                    	MISC 9 CODES / CORPORATE      	9800108CMA                              	0
CLEARANCE DISCOUNT 10%         	                                        	0	0	0	0	  	3	98000096	                    	MISC 9 CODES / CORPORATE      	9800108CLR                              	0
